File,Channel,Nuclei,x,y,z,Value,FWHM,SNR,NSNR,Label
1,Cy5,1,156.209,37.108,24.41,3.202,2.943,5.933,3.837,1
1,Cy5,1,125.009,44.623,24.805,3.119,3.049,8.44,4.092,2
1,Cy5,2,861.346,115.793,22.81,5.477,2.863,7.07,6.969,1
1,Cy5,2,862.241,119.107,23.059,5.236,3.501,11.828,6.249,1
1,Cy5,2,800.873,173.46,24.044,4.229,3.016,47.371,4.537,2
1,Cy5,2,796.603,167.04,25.561,2.729,2.385,10.58,3.595,2
1,Cy5,3,554.481,274.791,21.923,5.388,2.639,51.308,5.741,1
1,Cy5,3,485.378,165.436,22.719,2.824,2.462,35.998,3.311,2
1,Cy5,3,476.337,173.703,22.224,2.307,3.057,23.053,2.803,2
1,Cy5,3,548.087,276.319,21.805,2.167,2.673,3.611,3.315,1
1,Cy5,4,291.101,288.983,21.186,7.483,2.846,97.923,7.798,2
1,Cy5,4,399.605,324.029,23.591,4.494,3.387,73.608,4.9,1
1,Cy5,5,886.411,332.437,23.593,5.177,2.752,52.888,4.749,4
1,Cy5,5,749.224,352.694,25.452,4.295,2.824,53.803,4.117,2
1,Cy5,5,871.737,387.749,25,3.532,2.512,20.405,3.77,1
1,Cy5,5,857,408,26,3.355,3.085,4.365,3.302,3
1,Cy5,5,768.984,358.732,25.868,3.11,2.491,33.76,3.766,2
1,Cy5,5,850.529,389.359,23.695,3.108,2.596,32.398,3.318,0
1,Cy5,5,861,411,27,2.262,3.323,35.63,2.967,0
1,Cy5,6,149.831,383.017,23.013,3.616,2.761,15.701,4.233,1
1,Cy5,6,233.819,395.059,23.714,3.191,3.296,23.687,3.799,2
1,Cy5,7,361.735,468.592,24.593,6.103,2.85,5.967,6.323,1
1,Cy5,7,365.465,467.18,24.73,3.945,2.932,8.268,4.634,1
1,Cy5,7,444.402,469.657,25.36,3.709,2.607,19.102,3.636,2
1,Cy5,7,426.355,480.155,23.52,1.882,2.464,19.503,2.236,2
1,Cy5,8,709.673,561.816,23.45,1.745,2.926,7.999,2.431,0
1,Cy5,8,669.896,558.914,22.755,1.472,2.743,17.864,2.194,0
1,Cy5,8,666.464,551.486,25.708,1.27,2.826,13.791,2.009,0
1,Cy5,8,715.521,566.099,21.917,1.582,2.696,36.824,2.151,0
1,Cy5,9,332.406,577.106,25.723,7.003,2.792,16.953,6.733,1
1,Cy5,9,293.111,584.498,25.495,4.185,3.095,19.326,4.754,2
1,Cy5,10,118.158,585.681,23.238,3.597,2.953,19.171,4.018,2
1,Cy5,10,167.554,559.395,21.373,2.231,2.891,10.421,2.651,1
1,Cy5,11,248.74,639.898,22.183,8.153,3.073,60.175,7.039,1
1,Cy5,11,293.033,672.511,24.11,3.403,2.975,19.475,3.689,2
1,Cy5,11,277.024,675.923,22.087,2.812,2.502,46.22,3.901,2
1,Cy5,12,516.871,713.605,26.863,3.758,2.463,34.195,3.674,1
1,Cy5,12,520.359,707.877,27.776,2.887,2.544,36.01,3.093,1
1,Cy5,12,458.479,801.744,27.834,2.5,2.599,25.047,2.578,2
1,Cy5,13,236.438,898.573,27.595,5.271,2.878,55.824,5.281,2
1,Cy5,13,266.296,810.056,29.06,1.806,2.722,14.404,2.503,1
1,Cy5,13,261.751,804.98,27.748,1.471,2.933,6.299,2.376,1
1,Cy5,14,721.743,796.37,23.548,5.03,2.727,54.873,5.59,2
1,Cy5,14,730.973,811.235,21.656,5.102,2.792,47.93,5.834,1
1,Cy5,15,353.602,874.825,24.769,5.454,3.049,9.173,5.96,2
1,Cy5,15,400.434,845.217,24.067,2.102,2.48,12.3,2.693,1
1,Cy5,16,577.06,841.045,22.568,2.312,2.589,9.22,3.436,1
1,Cy5,16,520.703,870.609,24.751,1.471,2.552,16.481,2.494,2
1,Cy5,17,790.269,907.439,26.501,5.614,2.846,34.131,5.499,2
1,Cy5,17,855.657,935.04,24.867,3.41,2.705,19.942,3.797,1
1,Cy5,18,989.5,950.797,23.733,3.838,3.925,17.151,4.681,2
1,Cy5,18,951,994,24,2.666,4.707,14.995,3.531,1
1,Cy5,19,221.126,946.591,22.981,3.224,2.877,8.679,3.681,1
1,Cy5,19,193.068,975.632,24.124,2.084,3.201,35.761,2.882,2
1,a488,1,118.14,37.739,27.141,2.154,2.491,23.81,2.141,2
1,a488,1,123.834,34.175,26.894,1.46,1.846,20.208,1.898,2
1,a488,1,151.072,44.092,26.08,0.608,3.384,10.847,1.454,1
1,a488,1,149.876,30.561,24.084,0.707,3.204,3.717,1.239,1
1,a488,2,863.197,119.927,22.186,3.291,2.718,55.624,2.927,1
1,a488,2,796.447,182.663,25.468,2.294,3.551,30.011,2.1,2
1,a488,3,471.106,168.005,21.582,4.951,2.836,43.516,3.383,2
1,a488,3,551.307,276.381,22.528,1.726,2.509,14.239,1.766,1
1,a488,4,394.937,323.199,22.819,2.175,2.664,20.433,2.068,1
1,a488,4,289.067,281.006,23.055,1.35,2.794,20.581,1.698,2
1,a488,4,284.825,294.129,23.11,1.343,2.488,8.894,1.572,2
1,a488,4,397.512,314.863,22.907,0.559,2.8,19.618,1.214,1
1,a488,5,858.222,407.582,26.994,2.061,3.502,16.902,1.625,3
1,a488,5,751.394,336.801,23.661,1.363,2.921,13.978,1.42,2
1,a488,5,884.638,337.846,24.138,1.334,2.197,14.505,1.547,4
1,a488,5,869.212,379.598,26.153,0.907,2.114,8.251,1.312,1
1,a488,6,155.564,376.151,24.037,1.759,2.375,22.244,1.637,1
1,a488,6,240.444,398.08,24.421,1.642,3.137,15.429,1.64,2
1,a488,6,232.418,389.387,23.804,1.481,2.423,17.626,1.591,2
1,a488,6,233.418,383.825,21.68,1.4,2.652,10.932,1.526,2
1,a488,6,168.424,370.95,21.717,1.223,2.481,7.68,1.341,1
1,a488,7,363.531,471.762,24.545,2.652,3.437,14.575,1.903,1
1,a488,7,425.064,479.815,24.127,0.952,2.866,5.042,1.291,2
1,a488,7,380.849,467.079,27.159,0.826,2.799,10.705,1.378,1
1,a488,7,440,469,23,0.593,2.728,6.032,1.169,2
1,a488,8,709.845,560.842,24.382,2.057,2.869,3.603,1.863,0
1,a488,8,711.023,574.214,23.023,1.925,2.739,14.38,1.966,0
1,a488,8,691.763,572.67,21.717,1.825,2.566,23.25,1.771,0
1,a488,8,710.749,566.306,23.824,1.667,2.957,7.559,1.737,0
1,a488,8,688.044,547.647,22.636,1.16,2.353,12.668,1.605,0
1,a488,8,697.393,548.256,23.265,1.117,2.492,21.846,1.509,0
1,a488,8,707.329,544.561,22.86,1.034,2.81,11.617,1.407,0
1,a488,9,329.753,576.286,28.245,2.149,3.264,24.737,2.271,1
1,a488,9,283.644,578.207,25.112,1.368,2.91,10.347,1.529,2
1,a488,9,289.2,593.644,22.916,1.379,2.463,13.894,1.624,2
1,a488,10,109.226,592.841,24.315,3.563,3.479,15.747,2.339,2
1,a488,10,182,559,21,1.538,2.813,13.423,1.61,1
1,a488,11,284.696,676.935,24.671,2.414,2.621,22.706,2.268,2
1,a488,11,254.726,647.207,22.137,1.924,3.594,16.131,1.824,1
1,a488,12,458.218,811.222,27.312,1.166,2.471,15.804,1.374,2
1,a488,12,514.63,702.267,27.171,1.112,2.727,6.614,1.325,1
1,a488,13,267.786,799.558,28.566,2.145,3.03,21.695,2.146,1
1,a488,13,239.191,900.966,26.395,1.664,3.007,18.063,1.719,2
1,a488,14,722.622,790.81,24.655,1.123,4.08,7.84,1.436,2
1,a488,14,733.085,827.447,22.176,0.904,2.783,8.295,1.38,1
1,a488,15,408.236,851.87,23.213,1.774,2.371,10.493,1.881,1
1,a488,15,348.928,874.184,26.542,1.275,2.919,15.109,1.509,2
1,a488,16,579.402,826.995,24.663,3.364,3.383,9.617,2.462,1
1,a488,16,515.699,874.847,21.291,1.78,2.764,26.795,1.773,2
1,a488,17,861.112,932.786,24.656,1.12,3.761,5.698,1.345,1
1,a488,17,794,902,25,0.929,2.916,9.238,1.317,2
1,a488,18,950.624,994.387,23.655,2.934,3.68,38.694,2.557,1
1,a488,18,989.842,955.542,23.327,1.839,2.649,18.461,1.839,2
1,a488,19,196.876,988.81,24.582,1.325,2.685,23.69,1.791,2
1,a488,19,237.658,942.442,23.342,1.074,3.105,8.605,1.416,1
1,a594,1,120.377,39.354,27.208,3.745,2.613,10.654,5.821,2
1,a594,1,125.969,35.711,27.164,3.012,2.879,13.985,5.114,2
1,a594,1,151.948,31.169,23.687,2.457,3.484,32.107,4.01,1
1,a594,1,152.939,45.541,26.04,1.878,2.521,25.805,3.556,1
1,a594,2,796.148,182.749,25.196,8.28,2.782,81.868,12.918,2
1,a594,2,862.92,119.865,22.067,8.063,2.932,102.786,14.726,1
1,a594,3,471.691,168.802,21.51,11.6,2.738,131.449,17.225,2
1,a594,3,551.503,277.285,22.123,4.07,2.87,54.099,6.216,1
1,a594,4,395.524,324.015,22.701,5.597,2.625,83.001,8.78,1
1,a594,4,290.281,281.514,22.84,5.179,2.561,72.905,7.865,2
1,a594,4,398.93,315.542,22.491,2.616,2.666,64.644,4.796,1
1,a594,4,286.013,294.744,22.77,1.939,2.675,31.658,4.056,2
1,a594,5,858.028,407.564,26.936,8.626,2.891,76.062,10.604,3
1,a594,5,884.28,337.911,24.178,3.058,2.545,73.698,5.161,4
1,a594,5,869.089,379.764,26.076,2.741,2.609,44.983,4.649,1
1,a594,5,751.236,337.468,24.078,1.931,2.636,52.429,3.114,2
1,a594,6,242.789,397.767,24.329,4.806,2.858,80.974,5.917,2
1,a594,6,157.553,375.872,23.903,4.432,2.491,96.14,6.367,1
1,a594,6,170.394,370.63,21.978,4.192,2.528,25.749,5.748,1
1,a594,6,234.307,389.355,23.718,3.137,2.665,24.092,4.659,2
1,a594,6,235.095,383.966,21.672,2.742,2.47,17.141,5.165,2
1,a594,7,364.346,471.779,24.388,7.595,3.266,129.691,10.463,1
1,a594,7,395.503,478.674,23.886,3.783,2.52,58.156,5.615,0
1,a594,7,381.808,467.075,26.916,3.617,2.492,103.023,6.9,1
1,a594,7,439.247,469.384,23.224,2.408,2.723,24.34,4.02,2
1,a594,7,425.913,480.391,23.523,1.323,2.445,26.606,2.545,2
1,a594,8,691.642,572.702,21.468,6.242,2.628,139.574,9.092,0
1,a594,8,709.824,560.869,24.543,6.113,2.62,7.391,9.843,0
1,a594,8,710.574,566.444,23.784,5.396,2.479,10.424,7.983,0
1,a594,8,711.081,574.242,23.048,4.507,2.706,39.927,8.03,0
1,a594,8,707.648,545.001,22.739,4.37,2.363,128.998,6.907,0
1,a594,8,706.687,575.198,23.169,2.568,2.47,1.777,5.164,0
1,a594,9,330.804,575.669,28.411,7.31,2.879,64.539,10.392,1
1,a594,9,285.001,577.298,25.325,5.166,2.664,30.579,8.785,2
1,a594,9,290.437,592.539,22.611,2.343,2.43,63.544,3.912,2
1,a594,10,111.644,591.045,24.332,7.48,3.115,88.102,10.342,2
1,a594,10,183.563,557.415,21.103,4.354,2.572,37.355,6.115,1
1,a594,11,286.335,675.47,24.633,8.879,2.735,120.892,11.239,2
1,a594,11,256.619,645.569,21.64,4.715,3.143,24.686,7.703,1
1,a594,12,458.556,809.639,27.255,3.132,2.671,36.623,4.265,2
1,a594,12,514.856,701.791,27.269,2.166,2.825,49.624,3.217,1
1,a594,13,269.174,797.009,28.573,9.542,3.027,148.584,13.499,1
1,a594,13,240.733,897.328,25.863,4.702,2.78,151.093,7.707,2
1,a594,14,722.109,789.937,24.488,4.544,3.105,62.935,7.995,2
1,a594,14,733.129,826.94,22.013,2.153,2.717,12.56,4.793,1
1,a594,15,409.063,849.757,22.703,5.386,2.621,16.942,7.661,1
1,a594,15,349.894,871.319,26.414,2.865,2.973,70.246,4.367,2
1,a594,16,579.524,825.736,24.463,7.198,2.926,23.326,10.398,1
1,a594,16,515.63,873.26,21.28,3.771,3.063,14.379,5.81,2
1,a594,17,861.126,932.395,24.75,3.32,2.93,8.582,6.544,1
1,a594,17,793.453,901.262,25.265,2.107,2.576,67.35,3.661,2
1,a594,18,950.256,994.097,23.321,6.635,3.738,55.421,9.408,1
1,a594,18,989.881,955.58,22.625,3.798,2.846,31.871,5.899,2
1,a594,19,198.909,984.006,24.679,2.214,2.857,51.698,4.21,2
1,a594,19,239.368,938.322,22.917,2.092,2.753,32.876,3.359,1
1,tmr,1,119.848,40.965,26.414,3.477,3.287,33.347,3.927,2
1,tmr,1,114.122,41.694,25.48,2.314,3.401,2.26,2.898,2
1,tmr,1,153.791,36.826,24.731,1.532,3.242,5.749,2.171,1
1,tmr,2,856.522,121.292,22.835,5.752,2.705,46.814,5.459,1
1,tmr,2,795.253,166.516,23.844,2.337,2.575,22.524,2.877,2
1,tmr,2,809.667,151.998,25.2,1.724,2.643,26.251,2.572,0
1,tmr,3,492.085,177.676,22.199,3.73,2.815,47.755,3.558,2
1,tmr,3,544.294,269.863,21.239,2.917,2.546,15.21,3.06,1
1,tmr,3,546.285,276.365,22.087,2.419,2.757,40.499,2.627,1
1,tmr,4,288.798,287.192,22.977,2.261,2.586,3.523,2.802,2
1,tmr,4,291.973,283.42,22.456,1.817,2.883,15.717,2.433,2
1,tmr,4,404.982,318.728,23.376,1.59,2.735,21.125,2.073,1
1,tmr,5,859.973,406.327,25.285,3.563,2.681,15.483,3.059,3
1,tmr,5,758.088,355.455,24.779,2.891,2.656,24.206,2.888,2
1,tmr,5,881.783,387.587,25.681,2.092,2.62,22.184,2.315,1
1,tmr,5,891.549,329.302,25.113,1.843,2.416,12.361,1.974,4
1,tmr,6,222.947,388.972,24.151,3.125,2.664,30.795,3.294,2
1,tmr,6,218.596,388.964,23.442,3.083,2.597,8.57,3.202,2
1,tmr,6,151.052,382.379,22.336,2.04,2.412,21.448,2.306,1
1,tmr,7,380.359,462.783,21.937,4.394,2.545,31.888,4.362,1
1,tmr,7,374.347,460.278,24.506,4.164,2.814,23.655,4.119,1
1,tmr,7,433.601,465.129,24.398,2.327,4.024,50.214,2.685,2
1,tmr,8,710.655,565.212,22.127,3.428,2.65,40.286,3.659,0
1,tmr,8,699.058,559.65,23.609,2.483,3.097,31.01,2.803,0
1,tmr,8,693.736,568.187,22.673,1.825,2.521,16.882,2.447,0
1,tmr,9,326.152,583.723,25.674,6.587,2.736,63.68,6.447,1
1,tmr,9,305.793,574.935,25.829,3.415,2.707,42.363,4.085,2
1,tmr,10,181,559,24,2.506,2.896,13.539,2.936,1
1,tmr,10,121.574,573.891,21.606,2.315,4.701,23.423,2.565,2
1,tmr,11,258.451,646.783,22.742,4.644,2.844,43.242,3.898,1
1,tmr,11,276.395,674.844,22.157,3.097,2.801,45.766,3.052,2
1,tmr,12,470.166,804.69,27.016,3.597,2.9,51.918,3.495,2
1,tmr,12,523.559,714.772,27.254,2.733,2.605,30.025,2.743,1
1,tmr,13,273.659,811.165,28.574,3.475,2.714,88.158,3.724,1
1,tmr,13,273.563,800.515,28.36,2.989,2.091,31.032,3.45,1
1,tmr,13,245.21,889.238,27.458,1.52,2.404,12.996,2.009,2
1,tmr,14,726.379,802.484,22.862,5.782,2.876,29.336,5.466,2
1,tmr,14,731.886,828.601,22.107,2.552,2.567,32.278,2.897,1
1,tmr,15,402.944,844.949,24.341,5.998,2.814,56.973,4.955,1
1,tmr,15,358.095,863.009,24.193,2.098,2.676,19.812,2.784,2
1,tmr,15,361,872,26,1.593,3.621,7.849,2.216,2
1,tmr,16,588.954,842.977,25.535,2.173,2.664,45.172,2.949,1
1,tmr,16,491.663,886.085,22.703,1.76,2.464,12.878,2.144,2
1,tmr,17,855.379,938.467,25.031,4.306,2.757,58.488,4.02,1
1,tmr,17,796.415,907.197,25.295,1.35,2.854,9.956,1.941,2
1,tmr,17,794.65,911.057,25.649,1.095,2.843,1.605,1.751,2
1,tmr,18,971.222,950.484,23.924,5.616,2.897,73.101,5.419,2
1,tmr,18,965.44,979.333,26.162,2.237,3.63,20.779,3.001,1
1,tmr,19,185.93,986.741,27.451,2.644,2.544,20.743,2.998,2
1,tmr,19,196.672,974.781,23.782,1.907,2.837,24.809,2.419,2
1,tmr,19,229.373,949.103,22.327,1.797,3.029,21.203,2.165,1
2,Cy5,1,551.863,241.914,23.858,5.563,2.846,72.737,5.696,2
2,Cy5,1,500.366,187.643,25.34,3.376,3.071,26.849,3.751,1
2,Cy5,2,252.297,345.305,23.931,4.309,2.748,19.63,4.212,2
2,Cy5,2,227.067,260.169,22.733,2.506,2.524,7.862,2.68,1
2,Cy5,2,230.523,255.755,24.262,2.463,2.855,14.271,2.53,1
2,Cy5,3,399.38,258.746,24.156,3.431,2.805,21.18,3.607,1
2,Cy5,3,385,315,26,1.832,3.946,7.834,2.287,2
2,Cy5,4,197.642,375.544,28.212,3.54,2.812,43.658,3.296,3
2,Cy5,4,171.304,261.636,23.031,2.843,3.043,19.422,2.681,1
2,Cy5,4,167.805,328.289,27.109,2.508,2.738,21.222,2.618,4
2,Cy5,4,113.168,423.222,26.808,1.454,3.072,11.68,1.926,2
2,Cy5,5,293.463,444.677,23.483,6.304,2.779,25.183,4.803,2
2,Cy5,5,340.157,497.339,24.528,5.698,3.024,9.229,4.728,1
2,Cy5,6,384.326,553.304,24.799,4.346,2.671,28.766,4.348,1
2,Cy5,6,434.388,593.058,24.886,2.814,2.954,12.186,3.371,2
2,Cy5,7,68.52,538.631,24.308,6.609,2.724,63.68,5.706,0
2,Cy5,7,77.915,553.332,25.473,3.756,3.774,18.222,4.164,0
2,Cy5,8,824.942,607.162,25.712,2.235,2.675,13.192,3.484,2
2,Cy5,8,774.28,605.687,22.788,1.679,2.262,17.224,2.596,1
2,Cy5,9,569.868,587.242,25.828,5.974,2.751,62.531,6.976,2
2,Cy5,9,629.141,643.215,23.737,3.638,3.109,40.85,4.095,1
2,Cy5,9,626.536,635.169,24.093,3.412,2.522,16.94,3.984,1
2,Cy5,10,292.707,737.672,26.028,4.626,3.126,47.496,4.791,1
2,Cy5,10,301.664,767.394,22.838,3.036,3.008,14.018,3.275,2
2,Cy5,11,759.583,881.696,24.19,5.023,3.084,22.591,5.617,1
2,Cy5,11,697.143,825.997,24.021,4.508,2.567,76.04,5.617,2
2,a488,1,499.316,185.742,26.307,3.584,2.996,44.726,2.494,1
2,a488,1,549.97,239.165,25.233,0.756,3.279,6.941,1.253,2
2,a488,2,234,262,25,2.247,2.567,22.392,1.814,1
2,a488,2,257,353,24,1.079,2.32,8.658,1.352,2
2,a488,3,385.636,313.944,25.367,1.187,4.019,12.01,1.336,2
2,a488,3,411.617,256.546,23.804,1.087,3.415,6.863,1.416,1
2,a488,4,178,257,23,1.861,4.034,14.453,1.886,1
2,a488,4,112.544,413.665,27.231,1.685,2.84,22.898,1.479,2
2,a488,4,200,368,29,1.567,2.58,19.31,1.451,3
2,a488,4,177,329,28,0.631,2.014,13.726,1.264,4
2,a488,5,296.225,447.952,23.27,3.059,2.844,54.106,2.438,2
2,a488,5,327.11,498.715,25.729,1.301,2.536,10.996,1.521,1
2,a488,6,445.237,589.933,25.331,1.086,2.75,12.283,1.37,2
2,a488,6,387.92,557.554,25.099,0.984,2.32,18.058,1.518,1
2,a488,6,450.597,596.886,26.104,0.941,2.643,13.541,1.305,2
2,a488,7,76.102,553.042,25.454,1.983,2.975,23.592,1.98,0
2,a488,7,70.343,568.312,24.787,1.326,2.402,10.115,1.652,0
2,a488,7,76,572,23,0.917,2.014,11.812,1.422,0
2,a488,8,821.974,605.041,26.856,2.452,3.018,16.818,2.24,2
2,a488,8,789.718,594.219,28.331,1.065,2.479,8.765,1.636,1
2,a488,9,626.766,640.287,23.812,2.757,3.244,22.209,2.384,1
2,a488,9,568,589,26,1.21,3.373,7.796,1.491,2
2,a488,10,287.635,746.174,25.293,2.201,2.979,31.773,1.975,1
2,a488,10,307.153,770.911,22.336,1.415,3.13,9.455,1.705,2
2,a488,11,746.796,878.99,22.644,2.715,2.619,40.297,2.513,1
2,a488,11,690.04,819.153,25.087,0.791,3.021,12.122,1.33,2
2,a594,1,499.29,186.704,26.285,8.299,3.132,97.615,12.373,1
2,a594,1,550.166,239.636,25.123,2.907,3.107,37.448,4.795,2
2,a594,2,234.372,262.853,24.991,7.873,2.814,43.714,8.874,1
2,a594,2,258.112,353.063,24.034,2.891,2.393,42.285,3.83,2
2,a594,3,411.633,257.42,22.906,4.069,4.489,15.21,1.874,1
2,a594,3,385,313,26,3.069,2.821,14.057,5.781,2
2,a594,4,202.243,368.167,29.289,8.018,2.792,113.167,9.74,3
2,a594,4,115.032,413.199,26.868,7.96,2.824,168.82,10.314,2
2,a594,4,179.938,256.893,22.152,6.841,2.957,23.899,8.651,1
2,a594,4,179.401,329.639,27.713,2.388,2.646,49.27,3.505,4
2,a594,5,297.233,447.921,23.044,11.256,2.788,126.5,13.581,2
2,a594,5,327.959,498.727,25.415,6.424,2.632,91.027,8.412,1
2,a594,6,445.86,590.008,25.073,4.976,2.61,50.998,8.194,2
2,a594,6,451.454,597.042,26.137,4.569,2.717,43.101,6.209,2
2,a594,6,388.839,557.711,25.376,1.193,2.639,19.206,2.529,1
2,a594,7,78.462,551.264,25.475,9.443,2.909,60.037,11.187,0
2,a594,7,72.991,566.261,24.852,3.957,2.554,20.03,6.538,0
2,a594,7,78.287,570.219,23.112,3.857,2.585,94.79,5.507,0
2,a594,8,788.96,595.258,28,8.563,3.007,3.673,3.735,1
2,a594,8,821.569,605.157,27.007,7.563,2.963,35.33,12.028,2
2,a594,9,626.958,640.642,23.692,6.245,3.168,76.775,11.499,1
2,a594,9,569.103,589.922,25.859,4.606,3.127,110.826,8.027,2
2,a594,10,288.691,744.225,25.48,7.115,3.361,55.366,9.564,1
2,a594,10,308.086,768.59,22.1,4.274,3.208,52.999,6.107,2
2,a594,11,746.471,878.874,22.494,4.873,2.97,154.121,8.226,1
2,a594,11,689.488,818.514,24.858,3.123,2.691,55.655,5.435,2
2,tmr,1,550.285,240.687,23.84,5.281,2.977,75.154,4.505,2
2,tmr,1,502,191,24,2.332,2.816,8.323,2.91,1
2,tmr,1,502.477,197.86,23.493,1.605,2.716,2.776,2.325,1
2,tmr,2,260.58,341.565,24.478,2.491,2.713,11.309,2.397,2
2,tmr,2,225.683,254.637,22.957,1.877,2.823,25.531,1.912,1
2,tmr,3,396.83,313.983,23.358,1.854,4.054,27.227,2.432,2
2,tmr,3,419.779,265.509,22.51,1.69,2.905,14.027,2.265,1
2,tmr,4,173.355,255.947,23.509,3.102,2.867,27.659,2.736,1
2,tmr,4,121.973,421.811,26.553,2.317,2.707,43.103,2.278,2
2,tmr,4,158.529,336.8,26.116,1.702,3.236,10.01,2.061,4
2,tmr,4,169.438,339.499,25.869,1.697,2.369,32.502,1.945,4
2,tmr,4,204.239,372.928,26.542,1.04,2.598,13.432,1.382,3
2,tmr,5,293.6,449.538,24.77,3.752,2.731,34.253,3.061,2
2,tmr,5,335.394,485.921,25.957,2.343,2.862,26.388,2.557,1
2,tmr,6,435.515,581.22,23.811,2.474,2.876,17.332,2.779,2
2,tmr,6,444.397,589.214,24.572,2.129,2.371,24.91,2.311,2
2,tmr,6,383.443,536.732,23.188,1.301,2.187,22.169,1.952,1
2,tmr,7,72.954,553.501,25.393,2.66,3.571,23.997,2.565,0
2,tmr,7,56.52,544.559,25.439,2.269,2.819,27.025,2.324,0
2,tmr,8,787.057,593.373,26.701,3.239,3.056,21.272,1.693,1
2,tmr,8,828.124,600.073,24.36,2.239,3.039,23.302,2.496,2
2,tmr,9,620.583,626.839,25.191,4.823,2.771,38.353,4.687,1
2,tmr,9,571.278,590.749,26.415,1.864,2.932,10.321,2.474,2
2,tmr,10,296.397,733.765,27.179,3.616,3.032,68.021,3.293,1
2,tmr,10,308.418,778.726,23.264,1.851,2.409,15.753,2.375,2
2,tmr,11,691.858,826.954,23.884,5.771,3.201,102.652,6.083,2
2,tmr,11,744.63,872.675,23.335,1.735,2.957,16.894,2.368,1
3,Cy5,1,91.672,107.588,23.942,4.43,2.964,39.777,5.559,2
3,Cy5,1,151.467,173.726,23.513,4.414,2.867,44.233,5.08,1
3,Cy5,2,602.611,226.137,23.028,2.253,2.382,38.393,2.848,1
3,Cy5,2,618.196,186.463,24.343,1.554,3.577,11.959,2.222,2
3,Cy5,3,137.471,245.245,24.317,5.47,3.311,13.002,6.576,1
3,Cy5,3,42.606,280.912,22.756,5.411,2.685,80.094,6.665,2
3,Cy5,3,136.704,241.29,24.442,2.814,3.125,3.902,5.126,1
3,Cy5,4,259.534,266.416,25.282,6.344,2.698,49.608,5.384,2
3,Cy5,4,247.239,317.479,25.993,3.174,2.95,35.441,3.393,1
3,Cy5,5,682.185,294.629,23.722,5.805,2.74,55.875,5.106,2
3,Cy5,5,692,402,22,3.15,2.924,4.279,3.411,1
3,Cy5,6,805.276,352.07,29.64,4.187,3.181,16.376,4.647,0
3,Cy5,6,797.829,359.307,29.167,2.287,2.644,12.916,3.225,0
3,Cy5,7,483.517,409.792,25,7.524,3.209,9.065,1.596,1
3,Cy5,7,410.479,409.009,26.52,6.524,2.761,67.711,5.825,2
3,Cy5,7,473.054,406.286,21.445,1.05,2.269,15.677,1.85,1
3,Cy5,8,150.125,560.95,24.108,6.392,2.965,115.352,6.786,1
3,Cy5,8,80.504,486.767,22.686,5.12,2.638,65.776,5.733,2
3,Cy5,9,426.014,612.442,24.682,4.453,2.696,47.908,4.719,1
3,Cy5,9,419.259,528.819,21.396,3.148,2.458,35.953,4.32,2
3,Cy5,10,143.282,685.642,24.531,4.711,2.951,66.445,5.152,1
3,Cy5,10,157.621,726.416,22.584,1.492,2.401,15.217,2.323,0
3,Cy5,10,141.942,672.443,22.43,2.38,2.438,20.09,2.842,0
3,Cy5,10,161.514,740.389,23.476,1.394,2.601,13.756,2.124,2
3,Cy5,11,647.651,677.363,26.449,4.291,2.484,18.021,4.83,1
3,Cy5,11,553.843,727.687,22.681,3.537,2.823,20.677,3.837,2
3,Cy5,11,652.323,674.585,25.213,2.704,3.096,41.748,3.133,1
3,Cy5,12,168,851,22,4.592,3.113,15.524,4.795,1
3,Cy5,12,214.897,765.978,24.025,3.89,2.793,34.411,4.379,2
3,Cy5,13,883.381,851.598,23.983,4.308,2.886,2.63,5.34,2
3,Cy5,13,886,848,24,3.854,2.845,15.694,4.751,2
3,Cy5,13,812.729,931.017,23.556,2.892,2.979,8.327,3.788,1
3,Cy5,13,820.914,921.484,26.177,2.31,2.478,23.847,3.099,1
3,Cy5,14,299.071,908.352,22.605,5.351,3.343,29.467,6.48,1
3,Cy5,14,296.216,905.796,22.362,4.389,2.844,3.049,5.145,1
3,Cy5,14,258.943,964.438,22.558,3.516,3.553,34.364,3.994,2
3,a488,1,82.703,105.997,23.061,2.868,2.852,24.364,2.445,2
3,a488,1,154.33,171.231,24.896,1.687,3.177,10.294,1.687,1
3,a488,2,613.542,186.248,23.733,2.969,2.898,18.428,2.255,2
3,a488,2,595.33,221.845,22.221,2.638,3.06,51.145,2.156,1
3,a488,3,135.325,237.058,24.679,3.661,2.803,27.301,2.823,1
3,a488,3,129.203,231.933,23.66,2.148,2.986,15.821,2.171,1
3,a488,3,26.213,274.27,23.592,1.973,2.576,30.393,1.928,2
3,a488,4,239.835,313.185,25.749,2.194,2.34,15.378,2.234,1
3,a488,4,242.335,267.809,24.525,1.269,3.133,13.34,1.535,2
3,a488,5,684.665,281.251,23.326,2.025,2.976,6.537,1.448,2
3,a488,5,686.809,391.347,21.477,1.168,2.162,14.533,1.481,1
3,a488,5,692.084,379.219,23.031,1.093,2.365,15.365,1.582,1
3,a488,6,805.807,368.279,26.096,1.837,2.996,4.97,1.783,0
3,a488,6,799.907,358.455,29.068,1.728,3.21,14.284,1.865,0
3,a488,6,808,365,25,1.215,3.168,5.393,1.589,0
3,a488,7,399.951,409.476,25.453,2.284,2.471,19.678,1.901,2
3,a488,7,396.09,417.708,26.399,1.441,2.362,10.135,1.531,2
3,a488,7,478.402,413.537,23.992,1.426,3.102,15.794,1.545,1
3,a488,7,486.723,410.859,23.951,1.243,2.082,11.451,1.386,1
3,a488,8,143.177,565.996,24.001,2.049,2.914,16.619,1.93,1
3,a488,8,70,488,23,0.645,4.242,3.141,1.097,2
3,a488,9,423.845,541.859,21.276,1.479,2.843,17.279,1.669,2
3,a488,9,424.34,604.241,24.544,1.412,2.737,15.673,1.608,1
3,a488,10,156.231,677.989,24.795,2.45,2.589,39.029,2.298,1
3,a488,10,179.457,751.111,24.064,2.328,2.471,14.415,1.917,2
3,a488,11,549.251,729.121,22.449,4.183,2.879,31.088,2.749,2
3,a488,11,645,679,26,0.514,2.099,7.392,1.169,1
3,a488,12,219.073,768.362,22.858,1.686,3.002,10.057,1.704,2
3,a488,12,164.841,869.119,23.026,1.035,2.234,10.75,1.453,1
3,a488,12,168.165,857.006,21.585,0.965,2.521,20.077,1.454,1
3,a488,13,889.704,850.618,23.071,2.608,2.879,31.085,2.107,2
3,a488,13,810.862,931.227,24.134,1.012,3.544,8.379,1.386,1
3,a488,14,294.441,913.685,23.133,2.276,2.648,4.642,1.972,1
3,a488,14,258.165,966.068,22.095,2.126,3.572,29.076,1.865,2
3,a488,14,300,916,23,1.354,3.146,15.857,1.582,1
3,a594,1,85.076,106.939,23.032,11.749,3.12,112.609,16.145,2
3,a594,1,157.052,171.725,25.104,5.263,3.05,39.967,8.416,1
3,a594,2,613.357,186.783,23.687,7.632,2.653,20.394,12.599,2
3,a594,2,595.232,222.714,22.153,6.487,3.136,59.048,9.573,1
3,a594,3,137.412,237.606,24.971,8.733,2.681,79.553,12.291,1
3,a594,3,131.577,232.402,23.798,4.253,2.683,25.458,6.645,1
3,a594,3,29.094,273.822,23.535,4.024,2.513,74.801,7.483,2
3,a594,4,241.283,313.684,25.825,7.435,2.606,51.64,10.179,1
3,a594,4,243.95,268.589,24.669,5.066,2.873,145.375,6.557,2
3,a594,5,684.618,281.294,23.419,7.388,2.857,29.213,10.286,2
3,a594,5,692.102,379.739,23.149,2.675,2.707,59.391,4.707,1
3,a594,5,687.521,391.842,21.419,2.357,2.846,42.383,3.991,1
3,a594,6,799.27,359.075,29.528,7.043,3.126,72.229,11.385,0
3,a594,6,805.454,369.054,26.15,4.562,2.815,9.711,6.778,0
3,a594,6,808.182,364.764,24.667,2.53,2.664,41.312,5.046,0
3,a594,7,400.463,410.199,25.642,6.431,2.619,60.091,8.136,2
3,a594,7,396.751,418.266,26.079,5.006,2.576,22.174,6.93,2
3,a594,7,487.366,411.14,24.416,4.479,2.631,94.68,5.759,1
3,a594,7,479.008,414.181,23.93,4.014,2.523,101.059,6.492,1
3,a594,8,145,565,24,6.217,3.103,9.182,8.636,1
3,a594,8,73.113,486.873,23.222,3.727,2.739,18.808,5.481,2
3,a594,9,425.139,603.593,24.889,6.122,2.627,86.273,9.483,1
3,a594,9,424.471,541.525,21.179,5.136,2.777,182.285,7.309,2
3,a594,10,158.13,675.652,24.637,6.947,2.723,154.089,9.994,1
3,a594,10,181.46,748.293,23.97,5.574,2.79,18.257,8.048,2
3,a594,10,209.752,714.89,21.106,2.418,2.662,62.171,4.133,0
3,a594,11,549.217,728.492,22.475,10.226,2.79,70.679,14.394,2
3,a594,11,640.493,681.652,25.772,2.37,2.713,7.944,4.039,1
3,a594,12,220.369,765.561,22.58,4.944,2.886,47.139,7.572,2
3,a594,12,167.351,865.083,23.037,3.139,2.599,52.29,4.94,1
3,a594,12,170.23,853.098,22.007,3.038,2.557,57.968,4.952,1
3,a594,13,889.432,850.569,23.083,5.403,2.829,52.049,8.549,2
3,a594,13,810.165,931.33,24.031,3.951,3.297,25.329,6.626,1
3,a594,14,259.857,962.298,21.87,5.337,3.579,35.089,7.237,2
3,a594,14,295.93,910.373,23.048,4.084,2.964,4.627,6.553,1
3,a594,14,302,912,23,3.157,2.866,53.893,4.962,1
3,tmr,1,91.788,110.561,23.796,2.543,3.155,23.607,2.732,2
3,tmr,1,145.031,163.99,22.795,1.736,3.243,27.173,2.383,1
3,tmr,2,600.268,228.87,22.874,5.14,2.75,23.676,4.799,1
3,tmr,2,620.184,185.765,23.908,3.051,2.902,26.471,3.226,2
3,tmr,3,127.785,232.741,23.616,5.744,2.867,106.903,5.928,1
3,tmr,3,36.478,279.525,23.197,4.623,2.683,14.304,4.906,2
3,tmr,4,238.645,325.871,22.298,4.757,2.739,41.572,3.929,1
3,tmr,4,254.735,273.385,25.235,2.817,2.862,10.211,2.776,2
3,tmr,5,693.137,297.918,23.903,2.997,2.685,38.051,3.272,2
3,tmr,5,687.646,401.572,22.92,0.861,2.431,7.661,1.402,1
3,tmr,6,813.994,350.038,29.582,1.295,2.567,16.577,2.526,0
3,tmr,7,479.875,406.427,24.714,3.397,2.62,20.773,3.12,1
3,tmr,7,485.073,410.802,25.639,1.724,2.384,24.262,2.121,1
3,tmr,7,415.754,404.826,25.985,1.112,3.429,5.552,1.769,2
3,tmr,8,145.394,553.695,24.622,3.94,2.778,81.556,3.986,1
3,tmr,8,80.498,488.204,22.4,1.737,2.687,19.791,1.997,2
3,tmr,9,414.429,608.394,23.452,3.764,2.626,27.528,3.493,1
3,tmr,9,414.839,539.039,22.312,3.474,2.597,38.125,3.49,2
3,tmr,10,142.682,683.174,23.067,4.737,3.639,3.409,1.73,1
3,tmr,10,169.344,745.823,22.53,3.737,2.814,58.837,3.41,2
3,tmr,11,649.497,672.551,24.579,2.81,2.834,19.596,2.86,1
3,tmr,11,643.421,674.206,24.402,2.463,2.776,6.476,2.639,1
3,tmr,12,168.384,856.847,22.013,2.761,3.043,42.751,2.73,1
3,tmr,12,211.839,768.943,23.038,1.723,2.727,42.204,2.122,2
3,tmr,13,810.676,919.254,24.555,4.624,3.901,9.585,4.499,1
3,tmr,13,880.588,845.481,24.09,2.889,3.074,34.543,3.13,2
3,tmr,14,287.042,908.306,22.315,2.96,2.954,20.386,3.224,1
3,tmr,14,258,958,24,1.119,2.349,5.608,1.861,2
4,Cy5,1,740.298,103.821,21.508,5.763,3.191,23.194,6.144,1
4,Cy5,1,777.966,76.57,23.883,2.572,3.057,3.286,2.891,2
4,Cy5,1,774.788,85.561,24.06,2.415,2.587,25.557,3.092,2
4,Cy5,1,781.8,79.206,23.384,2.276,2.685,22.78,3.064,2
4,Cy5,2,135.576,209.132,22.503,3.18,2.846,31.355,3.395,1
4,Cy5,2,180.018,208.191,25.672,2.385,2.576,26.472,2.764,2
4,Cy5,3,718.764,211.619,24.194,5.98,2.701,34.977,5.323,2
4,Cy5,3,671.149,195.472,25.275,5.318,3.102,9.795,5.114,1
4,Cy5,3,675,190,26,3.811,2.862,27.834,4.248,1
4,Cy5,4,476.381,212.442,22.952,3.819,2.761,32.629,3.786,2
4,Cy5,4,483.911,221.328,25.011,3.341,2.619,36.865,3.465,2
4,Cy5,4,471.099,234.75,26.209,3.336,3.299,45.405,3.576,1
4,Cy5,5,142,392,25,6.927,2.786,7.943,6.585,0
4,Cy5,5,139,388,24,4.579,3.001,2.313,4.916,0
4,Cy5,5,143.065,397.691,24.656,3.895,2.945,8.386,4.05,0
4,Cy5,5,133.27,392.371,25.813,2.115,1.675,3.235,2.486,0
4,Cy5,6,869.847,383.525,23.436,6.104,2.857,21.585,5.613,2
4,Cy5,6,943.008,366.136,26.799,3.618,3.398,36.272,4.105,1
4,Cy5,6,956.085,362.785,24.794,3.243,2.426,39.145,3.973,1
4,Cy5,6,939,363,28,2.431,2.729,1.908,3.159,1
4,Cy5,7,87.03,395.76,21.726,5.455,3.115,15.426,5.52,1
4,Cy5,7,75.298,466.62,21.739,4.191,2.857,11.998,5.044,2
4,Cy5,7,75.635,459.408,20.965,3.133,2.754,5.317,4.058,2
4,Cy5,8,760.113,452.118,23.933,4.694,2.663,40.381,5.29,2
4,Cy5,8,751.597,425.394,27.967,1.616,2.595,19.345,2.367,1
4,Cy5,8,758.696,420.621,23.89,1.574,1.965,20.18,2.233,1
4,Cy5,9,422.175,495.841,21.459,7.762,3.19,136.347,7.785,1
4,Cy5,9,347.519,515.274,23.068,3.634,3.245,22.741,4.83,2
4,Cy5,9,347.104,526.749,20.903,3.468,2.393,27.516,4.472,2
4,Cy5,10,544.062,611.583,23.088,6.66,2.783,42.785,6.278,1
4,Cy5,10,559.706,635.496,21.918,3.266,2.521,20.662,3.535,2
4,Cy5,11,270.548,725.522,23.793,5.764,2.853,26.502,6.184,1
4,Cy5,11,313.102,768.747,24.092,3.286,3.244,28.371,3.781,2
4,Cy5,12,192.288,825.887,22.612,7.539,2.932,72.702,7.593,2
4,Cy5,12,106.133,735.493,22.348,3.314,3.233,8.072,3.921,1
4,Cy5,13,484.877,787.912,22.574,2.807,2.457,48.094,3.898,1
4,Cy5,13,509.064,813.918,22.987,2.501,2.847,8.32,3.627,2
4,Cy5,13,501.601,804.363,21.877,2.359,2.656,9.688,2.977,2
4,Cy5,14,226.088,902.083,22.028,4.01,2.976,42.849,5.236,2
4,Cy5,14,276.616,971.814,22.931,2.502,2.659,40.526,3.1,1
4,a488,1,729.889,100.123,22.874,2.033,2.61,24.988,2.065,1
4,a488,1,812.515,88.881,26.064,1.608,2.222,18.491,1.716,2
4,a488,1,804.115,100.441,26.106,1.101,2.051,15.925,1.489,2
4,a488,1,742.518,100.333,21.765,1.013,2.232,12.886,1.484,1
4,a488,2,127,208,23,1.398,2.62,6.767,1.682,1
4,a488,2,175.746,198.011,22.741,1.384,2.567,14.85,1.65,2
4,a488,2,204.098,190.568,21.651,2.086,2.409,18.79,1.688,2
4,a488,3,676.19,195.744,22.475,2.909,2.642,12.715,2.328,1
4,a488,3,682.716,196.245,22.978,1.952,2.955,8.148,1.674,1
4,a488,3,717.493,203.877,25.961,1.151,3.006,9.457,1.39,2
4,a488,4,474.392,215.777,22.981,2.916,2.388,15.46,2.174,2
4,a488,4,470.731,231.87,26.482,2.109,2.67,19.136,2.005,1
4,a488,4,470.195,214.459,24.471,2.005,2.858,6.709,1.795,2
4,a488,4,475.397,206.116,23.083,1.487,2.03,7.468,1.341,2
4,a488,4,463.134,239.955,23.95,1.327,2.922,9.063,1.481,1
4,a488,5,138.699,407.616,25.918,2.142,2.956,13.486,1.638,0
4,a488,6,877.126,381.3,26.697,4.087,2.653,34.45,2.864,2
4,a488,6,948,366,28,0.517,1.622,4.769,1.233,1
4,a488,7,72.257,483.25,21.924,3.536,2.736,28.193,2.509,2
4,a488,7,118.635,368.498,24.819,2.983,3.102,11.359,2.154,1
4,a488,8,766.713,448.879,25.535,4.656,2.746,20.489,3.097,2
4,a488,8,741.276,424.235,24.923,1.804,3.181,11.323,1.832,1
4,a488,9,351.069,519.235,21.115,2.464,3.051,39.677,2.371,2
4,a488,9,421.326,499.887,24.914,1.57,3.201,10.818,1.683,1
4,a488,10,560.828,635.279,21.546,2.913,2.704,16.784,2.301,2
4,a488,10,537.925,609.283,23.134,1.927,2.78,17.926,1.77,1
4,a488,10,556.852,633.67,21.877,1.489,2.514,2.151,1.758,2
4,a488,11,263.128,723.469,24.911,2.134,2.837,16.465,2.306,1
4,a488,11,324.353,785.48,23.585,1.822,2.951,13.859,1.949,2
4,a488,11,268.671,731.362,21.777,1.482,2.764,23.542,1.787,1
4,a488,11,259.843,725.522,24.633,1.194,3.367,3.197,1.783,1
4,a488,12,192.901,823.695,21.559,1.522,2.707,11.983,1.721,2
4,a488,12,187.582,827.859,22.427,1.321,2.621,5.16,1.639,2
4,a488,12,107.949,737.801,22.778,0.929,2.44,7.254,1.38,1
4,a488,13,471.514,775.352,21.379,1.761,2.957,15.348,1.734,1
4,a488,13,493.056,796.962,23.936,1.755,2.707,40.25,2.019,2
4,a488,13,488.847,806.573,21.227,1.543,2.895,7.237,1.578,2
4,a488,14,220.505,899.435,21.25,2.318,2.59,30.219,2.227,2
4,a488,14,283.46,978.059,23.574,1.528,3.077,5.734,1.6,1
4,a594,1,729.767,100.324,22.682,5.225,2.569,33.999,7.864,1
4,a594,1,812.026,88.974,25.929,3.29,2.557,77.204,6.346,2
4,a594,1,742.332,100.384,21.481,3.235,3.188,27.197,5.063,1
4,a594,1,803.112,100.719,25.883,2.623,2.515,58.405,4.643,2
4,a594,2,205.826,191.376,22.04,5.572,2.603,89.118,6.853,2
4,a594,2,129.39,208.897,22.693,4.114,2.954,19.009,5.364,1
4,a594,2,177.268,199.196,22.44,2.902,2.759,35.94,4.112,2
4,a594,3,676.013,196.08,22.082,8.221,2.77,21.136,13.076,1
4,a594,3,682.426,197.128,22.396,3.287,2.51,29.833,5.176,1
4,a594,3,716.911,204.693,25.838,2.758,2.815,116.909,4.366,2
4,a594,4,475.611,206.873,23.295,7.114,2.481,85.062,9.027,2
4,a594,4,474.507,216.375,22.948,5.923,2.36,183.946,8.957,2
4,a594,4,471.159,232.847,26.663,5.526,2.544,68.992,8.798,1
4,a594,4,463.189,240.643,23.589,3.987,2.718,53.193,6.24,1
4,a594,4,470.32,215.144,24.306,3.121,2.675,10.171,5.966,2
4,a594,5,140.895,406.984,25.867,5.625,2.717,59.05,7.913,0
4,a594,5,153.374,402.822,26.631,3.343,2.512,92.797,4.487,0
4,a594,5,164.836,387.671,26.329,2.742,2.729,40.657,3.688,0
4,a594,6,947.81,366.127,27.503,12.241,2.696,18.418,2.078,1
4,a594,6,876.568,381.411,26.884,11.241,2.914,61.27,14.82,2
4,a594,7,74.721,481.93,21.962,8.546,2.567,148.307,12.608,2
4,a594,7,120.907,368.167,24.821,7.822,2.641,34.848,11.857,1
4,a594,8,766.487,449.266,25.539,14.489,2.628,61.479,18.682,2
4,a594,8,740.831,424.605,24.976,4.421,2.66,57.557,6.616,1
4,a594,9,352.085,518.783,21.009,4.259,2.75,64.96,7.063,2
4,a594,9,421.677,499.767,24.988,3.884,3.05,36.916,6.101,1
4,a594,10,561.027,635.161,21.699,5.037,2.685,25.158,10.057,2
4,a594,10,556.805,633.807,21.866,4.346,2.414,3.215,8.815,2
4,a594,10,537.603,608.94,23.145,3.15,2.61,47.439,5.054,1
4,a594,11,325.311,783.137,23.661,5.898,2.95,18.891,9.024,2
4,a594,11,270.081,729.45,21.657,5.874,2.556,94.368,9.102,1
4,a594,11,264.613,721.248,25.109,5.454,2.926,21.275,8.281,1
4,a594,11,261.471,723.835,24.747,2.932,2.987,2.416,5.802,1
4,a594,12,194.981,820.52,21.463,4.205,3.029,43.461,6.331,2
4,a594,12,189.865,824.286,22.063,2.674,2.749,2.641,4.958,2
4,a594,12,107.036,738.135,21.604,1.761,3.029,4.404,3.374,1
4,a594,13,471.945,774.074,21.191,4.753,2.782,155.542,8.033,1
4,a594,13,489.042,805.762,21.28,4.172,2.632,31.028,6.843,2
4,a594,13,493.33,795.481,23.966,3.793,3.134,69.569,6.114,2
4,a594,14,222.028,895.924,20.839,7.233,2.878,68.757,12.605,2
4,a594,14,285.041,974.309,23.54,2.491,2.954,74.63,4.639,1
4,tmr,1,750.028,96.266,21.983,3.839,2.965,40.709,3.806,1
4,tmr,1,774.969,83.167,22.378,2.38,2.793,50.672,2.809,2
4,tmr,2,182.595,183.101,22.393,2.766,2.921,5.426,2.657,2
4,tmr,2,175.278,176.098,22.89,1.598,2.739,12.27,2.131,2
4,tmr,2,139.613,208.562,23.149,1.344,2.486,9.651,1.829,1
4,tmr,3,674.464,193.605,22.795,2.347,3.122,22.092,2.391,1
4,tmr,3,709.75,194.934,25.92,1.728,2.798,13.646,2.267,2
4,tmr,4,473.94,231.828,26.077,4.093,2.868,6.222,4.437,1
4,tmr,4,476.441,229.311,25.809,3.641,3.321,29.033,3.891,1
4,tmr,4,478.821,214.586,24.395,2.887,2.597,3.228,2.851,2
4,tmr,4,484.438,213.894,24.462,2.251,3.355,11.053,2.514,2
4,tmr,4,477.249,206.995,24.075,1.684,2.288,8.676,2.075,2
4,tmr,5,138.885,369.637,23.803,5.603,3.849,34.628,3.811,0
4,tmr,5,150.147,395.05,25.289,4.029,3.191,51.198,3.403,0
4,tmr,5,147.08,392.776,24.995,2.437,4.137,2.784,2.665,0
4,tmr,5,156.836,386.113,24.643,1.743,2.413,18.275,2.205,0
4,tmr,6,874.007,382.214,23.936,2.345,2.588,8.109,3.114,2
4,tmr,6,878.123,381.35,24.994,2.279,2.613,18.588,3.042,2
4,tmr,6,937.788,364.832,23.353,1.496,2.611,15.367,2.229,1
4,tmr,6,938.638,371.682,26.592,1.415,2.736,20.37,2.221,1
4,tmr,7,70.891,464.258,22.069,2.512,3.406,27.828,2.613,2
4,tmr,7,89.812,404.924,22.477,2.477,2.921,37.723,2.632,1
4,tmr,8,770.784,445.115,24.409,3.006,3.255,15.815,3.279,2
4,tmr,8,753.009,422.956,27.055,0.985,2.567,14.769,1.957,1
4,tmr,9,427.39,500.797,22.963,3.136,2.717,7.748,3.154,1
4,tmr,9,328.679,549.777,20.24,2.827,2.694,40.812,3.05,2
4,tmr,10,551.928,600.534,21.179,3.324,2.601,38.02,3.417,1
4,tmr,10,564.109,628.534,22.99,3.065,2.721,33.323,3.247,2
4,tmr,10,571.273,642.766,22.151,2.202,2.761,9.228,2.62,2
4,tmr,11,315.573,770.259,22.781,4.641,2.967,36.646,4.481,2
4,tmr,11,262.179,722.703,23.157,3.336,2.842,35.941,3.607,1
4,tmr,11,256.647,722.274,22.702,2.458,2.753,3.617,3.056,1
4,tmr,11,253.24,724.76,22.126,1.602,2.457,2.905,2.572,1
4,tmr,12,186.109,817.187,22.48,3.612,2.878,43.491,4.008,2
4,tmr,12,108.946,751.696,21.875,3.176,2.782,21.45,3.274,1
4,tmr,13,483.448,778.427,22.006,6.089,2.715,62.127,5.35,1
4,tmr,13,488.429,794.73,22.047,2.962,2.8,22.25,3.2,2
4,tmr,14,227.533,901.954,22.767,5.239,2.799,63.732,4.871,2
4,tmr,14,278.488,964.449,22.923,1.625,2.561,10.95,2.153,1
5,Cy5,1,305.131,47.531,25.597,7.631,2.953,70.748,7.592,2
5,Cy5,1,271.647,125.363,25.672,2.659,3.117,33.015,3.541,1
5,Cy5,2,412.914,132.037,26.348,5.142,2.771,45.79,5.535,2
5,Cy5,2,464.831,125.832,24.881,4.481,2.802,18.572,5.177,1
5,Cy5,2,401.656,132.992,24.271,4.11,2.381,37.86,4.625,2
5,Cy5,3,551.192,174.171,24.526,6.283,2.749,47.386,7.024,2
5,Cy5,3,544.401,142.453,23.92,1.526,2.975,23.368,2.259,1
5,Cy5,4,56.376,267.775,26.688,3.2,2.642,40.461,3.553,2
5,Cy5,4,109.345,226.481,24.593,2.749,2.479,22.888,3.297,1
5,Cy5,4,69.905,276.778,26.238,2.597,2.329,35.327,3.241,2
5,Cy5,4,116.348,236.903,25.348,2.574,2.947,32.044,2.717,1
5,Cy5,4,79.396,230.12,27.442,2.334,2.866,16.664,2.676,0
5,Cy5,5,331.189,344.87,24.487,7.208,2.956,42.979,7.271,1
5,Cy5,5,343.629,341.142,25.161,3.22,2.628,38.128,4.267,1
5,Cy5,5,346.277,314.457,26.228,2.702,2.944,14.963,3.396,2
5,Cy5,5,353.574,303.126,28.922,2.094,2.545,25.187,3.011,2
5,Cy5,6,804.189,415.459,26.696,8.345,3.285,33.935,7.139,2
5,Cy5,6,705.784,478.789,27.743,4.718,2.706,7.369,4.476,1
5,Cy5,6,731.841,494.213,27.19,2.94,2.725,21.881,3.234,1
5,Cy5,6,710.128,482.044,26.723,2.483,2.449,39.198,3.268,1
5,Cy5,7,620.919,435.237,24.789,7.219,2.826,12.514,7.097,1
5,Cy5,7,655.835,459.114,24.649,7.048,3.422,33.624,6.664,2
5,Cy5,7,630.715,448.954,28.651,2.794,2.718,30.694,3.614,1
5,Cy5,7,610.213,454.188,24.915,2.315,2.696,4.659,3.303,1
5,Cy5,7,627.327,453.616,23.847,2.196,2.654,11.692,3.019,1
5,Cy5,7,626.587,436.832,24.888,2.159,2.623,33.699,3.084,1
5,Cy5,8,162.174,523.31,25.447,3.402,3.174,23.107,3.48,2
5,Cy5,8,160.62,518.855,26.371,3.153,3.198,4.72,3.436,2
5,Cy5,8,155.481,497.1,26.127,2.164,3.096,21.974,2.45,1
5,Cy5,9,444.169,527.426,25.973,5.498,2.815,35.962,4.827,2
5,Cy5,9,426.384,620.401,25.211,4.082,2.809,19.343,4.267,1
5,Cy5,9,429.932,620.865,24.012,2.889,3.11,15.947,3.852,1
5,Cy5,10,550.431,613.393,27.405,5.186,2.67,53.513,3.779,1
5,Cy5,10,523.014,667.589,32.441,3.647,2.586,24.768,2.909,2
5,Cy5,11,256,649,23,4.562,2.919,28.938,4.034,0
5,Cy5,11,270.142,619.93,41.913,4.537,3.64,7.701,4.492,0
5,Cy5,11,252,659,39,4.029,3.084,19.849,5.092,0
5,Cy5,11,224.433,739.904,24.071,2.94,3.01,34.439,1.887,0
5,Cy5,12,159.96,642.819,23.404,4.087,2.879,42.375,3.442,2
5,Cy5,12,159.257,684.983,26.422,3.079,2.808,20.449,2.59,1
5,Cy5,13,382.683,742.321,29.576,7.722,2.919,48.036,6.029,2
5,Cy5,13,385.492,751.095,28.84,3.115,2.449,41.831,3.001,2
5,Cy5,13,399.252,832.88,30.524,1.493,2.977,4.514,1.907,1
5,Cy5,14,715.098,776.119,26.276,4.339,2.587,64.603,4.316,2
5,Cy5,14,688.845,743.185,27.531,3.796,2.758,28.74,4.058,1
5,Cy5,15,550.266,877.318,24.155,5.578,3.267,47.845,4.102,1
5,Cy5,15,547.682,879.192,24.584,3.606,3.136,8.582,3.266,1
5,Cy5,15,529.503,849.267,25.759,1.486,2.841,17.408,1.593,2
5,Cy5,16,197.33,922.494,25.981,4.293,2.871,5.265,3.651,1
5,Cy5,16,201.098,922.893,25.604,2.3,2.969,24.678,2.751,1
5,Cy5,16,269.615,869.324,26.276,2.246,3.002,12.972,2.406,2
5,Cy5,17,709.935,931.745,26.311,3.791,3.351,26.129,3.831,1
5,Cy5,17,698.961,899.052,27.82,3.465,3.426,35.728,3.701,2
5,a488,1,261.09,126.28,24.277,0.976,3.36,10.974,1.521,1
5,a488,1,299,44,26,0.95,4.602,2.412,1.342,2
5,a488,2,406.602,131.659,26.68,2.627,2.564,21.865,2.388,2
5,a488,2,458.293,131.446,26.214,2.259,2.735,17.492,1.948,1
5,a488,2,452.254,141.847,25.17,1.252,2.79,7.354,1.431,1
5,a488,3,543.324,142.786,23.77,2.924,2.696,38.37,2.536,1
5,a488,3,543.681,183.668,24.295,1.688,2.76,24.42,1.809,2
5,a488,4,114.127,238.459,26.171,1.679,2.585,6.836,1.818,1
5,a488,4,53,260,25,1.375,3.014,6.985,1.504,2
5,a488,5,356.529,297.937,28.3,1.858,2.948,6.985,1.799,2
5,a488,5,339.528,343.105,25.214,1.481,2.663,15.993,1.797,1
5,a488,5,357.434,308.786,26.143,0.808,1.962,8.055,1.57,2
5,a488,6,723.735,478.95,30.658,2.331,2.961,16.56,2.025,1
5,a488,6,766.961,453.879,29.395,1.454,2.872,10.675,1.807,0
5,a488,6,807.758,412.907,27.464,1.193,2.908,7.14,1.453,2
5,a488,6,802.165,422.261,25.812,1.086,2.404,12.483,1.52,2
5,a488,7,663.945,443.882,24.602,1.903,2.782,14.325,1.854,2
5,a488,7,616.602,437.759,25.892,1.769,2.326,11.572,1.841,1
5,a488,8,168.443,526.102,25.325,2.406,3.204,17.699,1.744,2
5,a488,8,173,528,23,1.384,2.768,14.287,1.425,2
5,a488,8,147.975,505.107,27.931,1.108,3.18,15.302,1.392,1
5,a488,9,421.164,621.932,23.682,1.649,2.997,16.056,1.608,1
5,a488,9,424.352,524.997,26.287,1.356,2.289,10.874,1.543,2
5,a488,10,549.973,600.434,25.942,4.518,2.837,54.741,2.437,1
5,a488,10,511.721,675.194,31.375,1.62,3.081,24.005,1.538,2
5,a488,11,255,652,23,1.574,2.352,23.139,2.202,0
5,a488,11,225.438,744.877,25.614,1.151,4.183,9.609,0.996,0
5,a488,11,253,663,42,1.072,2.221,8.773,2.34,0
5,a488,11,241,624,37,1.04,5.034,4.204,2.462,0
5,a488,11,238,645,46,1.037,3.3,5.663,2.6,0
5,a488,12,161.983,692.653,23.258,2.41,2.836,18.029,1.629,1
5,a488,12,159,644,23,1.66,2.871,21.865,1.5,2
5,a488,13,392,837,34,0.7,2.559,9.026,1.156,1
5,a488,13,382.476,820.281,33.09,0.62,2.432,6.395,1.206,1
5,a488,14,702.505,739.404,27.219,3.877,2.973,21.533,2.344,1
5,a488,14,712.342,774.498,27.594,2.411,2.671,27.045,1.999,2
5,a488,15,550.734,878.87,24.226,2.377,3.116,17.243,1.608,1
5,a488,15,532,843,27,1.119,2.503,10.698,1.253,2
5,a488,15,517,842,33,0.962,2.916,12.267,1.145,2
5,a488,16,195.791,925.414,25.587,2.974,2.681,33.72,1.918,1
5,a488,16,269.195,866.394,24.148,1.772,2.538,22.012,1.633,2
5,a488,16,274.397,877.337,27.448,1.018,2.291,10.368,1.401,2
5,a488,17,720.572,928.588,26.278,2.361,2.976,14.952,1.742,1
5,a488,17,703,883,29,0.905,2.759,6.326,1.39,2
5,a594,1,261.898,127.381,23.807,4.325,2.663,41.05,6.775,1
5,a594,1,299.602,46.176,25.904,3.419,2.932,13.879,5.11,2
5,a594,2,458.909,132.827,26.141,7.161,2.631,89.991,11.218,1
5,a594,2,407.364,132.945,26.9,6.378,2.718,106.461,10.083,2
5,a594,2,452.729,143.478,24.834,2.592,2.537,33.496,4.497,1
5,a594,3,543.505,143.793,23.565,10.419,2.77,131.665,17.289,1
5,a594,3,543.582,184.972,24.019,5.176,2.83,58.584,8.794,2
5,a594,4,116.326,239.148,26.515,6.171,2.5,10.855,9.259,1
5,a594,4,55.865,260.911,25.345,5.952,3.341,104.04,7.363,2
5,a594,5,340.424,343.694,24.698,5.601,3.088,63.455,8.815,1
5,a594,5,356.733,298.214,28.173,5.346,2.566,20.793,8.724,2
5,a594,5,357.875,309.405,25.619,3.854,2.357,43.086,5.873,2
5,a594,6,723.247,479.429,30.634,6.628,2.945,72.441,9.134,1
5,a594,6,807.775,413.255,27.727,6.601,2.608,20.01,9.732,2
5,a594,6,802.173,422.527,25.632,3.347,2.491,23.473,5.13,2
5,a594,7,616.49,438.15,25.758,8.92,2.62,63.718,12.162,1
5,a594,7,664.008,444.304,24.622,5.661,2.643,170.133,8.839,2
5,a594,8,150.327,504.521,27.917,5.673,3.038,34.998,7.32,1
5,a594,8,170.547,525.003,25.382,5.103,2.836,98.434,6.621,2
5,a594,8,175.111,526.544,22.782,3.888,2.628,77.309,5.094,2
5,a594,9,425.133,524.93,26.196,5.193,2.578,43.647,7.596,2
5,a594,9,421.831,622.301,23.505,4.624,3.749,57.147,6.629,1
5,a594,10,550.046,600.662,25.685,14.085,2.804,188.235,14.276,1
5,a594,10,511.887,674.873,31.359,5.167,3.071,116.372,5.739,2
5,a594,11,256.536,650.695,23.38,4.883,2.791,72.389,5.35,0
5,a594,11,226.434,743.102,25.244,3.885,3.106,50.444,3.5,0
5,a594,11,254.822,661.558,41.903,3.776,2.786,27.986,5.292,0
5,a594,11,266.171,618.701,40.533,3.301,2.651,36.362,4.991,0
5,a594,11,287.663,665.641,25.09,2.85,2.592,32.326,3.377,0
5,a594,11,257.859,675.252,23.685,2.817,2.406,46.236,3.76,0
5,a594,11,247.585,674.7,25.007,2.608,2.444,27.961,3.653,0
5,a594,11,244.208,728.307,26.312,2.42,2.792,27.624,2.682,0
5,a594,12,164.068,690.575,23.394,9.28,2.813,62.742,9.217,1
5,a594,12,160.783,642.393,22.621,4.387,2.648,101.649,4.969,2
5,a594,13,392.906,835.134,33.725,2.732,2.578,62.892,4.089,1
5,a594,13,383.152,818.487,32.437,2.578,2.695,47.653,3.756,1
5,a594,13,390.158,743.37,28.489,1.861,2.48,38.115,3.108,2
5,a594,14,702.466,739.467,27.329,9.93,3.123,39.198,12.604,1
5,a594,14,712.333,774.12,27.736,8.542,2.737,140.528,12.554,2
5,a594,15,551.187,878.213,24.383,6.208,3.115,68.413,6.723,1
5,a594,15,531.886,841.625,27.033,3.816,2.706,54.149,4.347,2
5,a594,15,517.227,840.804,32.763,3.378,2.566,126.333,4.302,2
5,a594,16,197.645,921.668,25.61,8.433,2.898,66.234,8.648,1
5,a594,16,275.878,874.247,27.007,3.85,2.78,47.463,5.113,2
5,a594,16,270.672,863.311,24.01,2.899,2.726,26.596,3.957,2
5,a594,17,720.689,927.695,26.496,6.373,2.949,102.736,8.373,1
5,a594,17,702,882,29,4.951,3.186,25.35,6.967,2
5,tmr,1,269.335,136.092,26.423,2.995,2.756,47.308,3.304,1
5,tmr,1,306.984,55.418,25.575,2.23,2.793,36.098,2.528,2
5,tmr,2,452.811,129.995,25.053,3.791,2.707,33.97,4.266,1
5,tmr,2,405.748,144.814,26.605,2.339,2.756,18.562,3.191,2
5,tmr,3,549.649,176.608,24.911,2.766,3.381,68.262,3.338,2
5,tmr,3,550.377,154.681,25.619,2.711,2.68,36.859,2.985,1
5,tmr,4,61.535,272.737,25.254,4.685,2.982,52.368,3.976,2
5,tmr,4,111.928,238.072,25.695,3.541,2.976,41.813,3.386,1
5,tmr,5,320.906,344.198,26.461,4.537,3.255,11.441,4.155,1
5,tmr,5,353.86,305.016,27.937,2.441,2.889,14.955,2.661,2
5,tmr,6,708.383,492.277,27.987,2.102,2.481,19.699,2.816,1
5,tmr,6,792.646,428.548,27.116,1.019,3.58,8.504,1.722,2
5,tmr,7,661.477,462.471,24.263,5.408,2.55,5.594,4.6,2
5,tmr,7,619.295,445.727,27.454,2.593,2.554,14.341,3.223,1
5,tmr,7,663,467,25,2.351,2.652,7.394,2.724,2
5,tmr,7,622.635,439.311,24.771,2.09,3.411,17.251,2.671,1
5,tmr,7,619.268,438.607,25.722,2.074,3.124,4.001,2.731,1
5,tmr,8,149.69,499.181,26.843,4.828,3.158,38.274,3.822,1
5,tmr,8,151.19,490.159,26.553,2.01,1.965,21.06,2.493,1
5,tmr,8,152.894,501.362,25.08,1.946,2.715,12.963,2.316,1
5,tmr,8,156.326,520.918,23.407,1.22,2.514,18.12,1.717,2
5,tmr,9,445.566,513.327,24.41,5.289,2.993,55.882,4.102,2
5,tmr,9,425.763,623.898,25.662,2.421,2.695,34.974,2.994,1
5,tmr,10,540.952,601.445,26.766,2.302,2.846,26.173,2.384,1
5,tmr,10,512.216,675.08,30.31,1.369,2.813,19.016,1.81,2
5,tmr,11,274.559,657.048,23.901,5.436,2.617,46.541,4.144,0
5,tmr,11,234.15,729.971,24.297,3.147,2.653,18.768,2.157,0
5,tmr,11,229.873,737.271,24.815,2.296,3.448,9.452,1.961,0
5,tmr,11,275.613,625.277,41.69,1.904,3.357,6.254,2.702,0
5,tmr,11,267.096,671.155,23.634,1.783,2.351,17.57,2.297,0
5,tmr,11,233.44,736.554,24.535,1.707,6.62,5.332,1.595,0
5,tmr,11,252.784,670.015,38.442,1.684,3.188,8.583,2.671,0
5,tmr,12,150.308,694.908,23.707,2.789,2.63,37.741,2.276,1
5,tmr,12,157.51,634.31,24.821,2.06,2.682,23.408,1.847,2
5,tmr,13,397.939,835.677,32.805,2.79,2.836,13.628,2.61,1
5,tmr,13,402.496,729.859,28.853,2.081,2.783,10.759,2.012,2
5,tmr,14,706.681,775.75,27.005,2.954,2.901,37.631,3.098,2
5,tmr,14,692.58,749.087,27.217,1.676,2.64,3.729,1.989,1
5,tmr,14,699.918,752.18,25.829,1.632,2.514,23.837,2.354,1
5,tmr,15,526.386,847.603,22.736,8.381,2.993,60.064,5.014,2
5,tmr,15,555.663,866.718,23.746,2.436,3.279,30.54,2.054,1
5,tmr,16,279.524,871.494,25.946,3.665,3.506,31.359,2.898,2
5,tmr,16,207,920,26,1.823,2.54,13.122,1.981,1
5,tmr,17,696.872,887.704,27.476,3.239,3.19,60.881,3.445,2
5,tmr,17,711.533,924.651,25.965,2.809,2.707,31.597,2.676,1
6,Cy5,1,144.69,363.563,29.257,2.678,2.797,16.63,3.415,1
6,Cy5,1,133.465,423.553,26.092,1.466,2.911,13.11,2.108,2
6,Cy5,2,299.439,435.878,25.858,7.173,2.748,8.798,6.747,2
6,Cy5,2,300.572,431.317,27.034,4.704,3.326,9.382,4.351,2
6,Cy5,2,223.601,454.58,24.393,4.604,3.517,17.642,4.21,1
6,Cy5,2,298.068,426.043,23.132,3.674,2.653,20.002,3.64,2
6,Cy5,2,230.935,460.425,24.866,3.133,2.652,14.141,2.833,1
6,Cy5,2,222.515,458.047,24.025,2.887,2.941,4.101,3.231,1
6,Cy5,3,772.902,418.72,24.588,6.214,2.65,77.31,7.006,2
6,Cy5,3,685.489,437.417,24.494,5.382,2.729,17.196,5.56,1
6,Cy5,3,784.758,423.972,25.421,3.535,2.814,66.057,4.329,2
6,Cy5,3,689.024,437.412,25.127,2.809,3.387,34.262,3.694,1
6,Cy5,4,424.7,435.803,23.154,4.203,2.93,11.839,5.084,2
6,Cy5,4,428.373,436.767,23.844,3.83,2.607,36.441,4.997,2
6,Cy5,4,456.793,421.204,24.217,2.267,2.299,6.056,2.609,1
6,Cy5,5,814.062,510.7,23.823,3.249,3.14,24.479,3.226,2
6,Cy5,5,745,539,26,2.476,2.931,8.068,2.938,1
6,Cy5,5,814.106,518.788,23.59,2.247,2.546,20.98,2.54,2
6,Cy5,6,510.943,624.79,24.438,8.73,3.281,27.938,6.864,0
6,Cy5,6,457.463,590.8,24.897,7.963,2.781,48.447,5.72,0
6,Cy5,6,516.773,593.719,27.751,7.455,2.606,74.072,6.307,0
6,Cy5,6,510.487,618.727,23.812,3.987,2.868,1.385,3.555,0
6,Cy5,7,652.38,609.813,25.802,5.839,2.827,42.481,5.542,2
6,Cy5,7,656.495,577.987,24.669,4.424,2.793,67.509,4.064,1
6,Cy5,8,249.521,638.501,22.276,5.409,2.691,43.856,5.198,1
6,Cy5,8,236.332,688.963,22.162,2.639,2.427,40.083,3.279,0
6,Cy5,8,214.297,650.166,22.725,2.141,2.201,39.147,2.754,2
6,Cy5,9,146.283,659.657,24.985,4.5,3.13,37.177,4.61,2
6,Cy5,9,89.982,657.446,25.407,4.069,2.995,61.938,4.251,1
6,Cy5,9,90.907,675.931,24.042,2.421,2.438,26.756,3.719,1
6,Cy5,9,109.562,649.951,25.173,2.102,2.812,45.446,2.488,1
6,Cy5,10,410.814,719.521,24.474,9.91,2.876,97.897,6.179,0
6,Cy5,10,409.05,742.703,26.141,3.857,2.889,11.169,2.904,0
6,Cy5,10,407.896,716.9,23.555,2.855,3.411,2.875,2.936,0
6,Cy5,10,430.176,746.58,24.157,2.358,2.546,19.193,1.74,0
6,Cy5,10,435,704,34,2.284,5.22,5.172,3.507,0
6,Cy5,10,419.144,699.108,35.034,2.157,4.984,9.291,3.551,0
6,a488,1,130,428,26,0.955,3.26,4.513,1.319,2
6,a488,2,223,461,25,1.403,2.948,8.904,1.462,1
6,a488,2,303.096,434.379,24.919,1.189,2.788,12.534,1.336,2
6,a488,3,692.124,435.45,23.174,1.347,2.504,13.064,1.485,1
6,a488,4,430.982,437.501,22.24,3.323,2.939,37.753,2.34,2
6,a488,4,464,431,22,1.355,2.987,16.3,1.65,1
6,a488,5,752.944,531.973,25.004,1.248,3.645,3.616,1.428,1
6,a488,5,813,503,24,0.959,2.396,5.894,1.311,2
6,a488,5,769.373,537.171,28.343,0.668,2.212,3.268,1.385,1
6,a488,6,445.686,587.142,25.641,2.793,2.735,7.55,1.756,0
6,a488,6,501,603,24,2.062,2.049,21.493,1.976,0
6,a488,6,439,602,22,1.792,2.272,12.334,1.662,0
6,a488,6,490,603,25,1.344,1.342,11.913,1.604,0
6,a488,6,504,609,32,1.318,4.286,3.535,1.65,0
6,a488,6,481,607,25,1.156,2.428,11.282,1.667,0
6,a488,6,514,580,28,1.114,2.473,9.974,1.343,0
6,a488,6,512,592,29,1.108,2.95,9.019,1.465,0
6,a488,7,651.771,577.909,24.115,2.015,2.725,11.763,1.809,1
6,a488,7,670.197,595.457,23.652,1.28,2.137,11.071,1.281,2
6,a488,7,657,601,26,1.132,3.108,5.238,1.426,2
6,a488,8,245.168,636.406,22.112,2.072,2.363,20.637,1.778,1
6,a488,8,223.941,646.546,24.328,1.706,2.669,33.48,1.649,2
6,a488,9,96.399,652.836,25.16,2.348,3.367,22.49,2.132,1
6,a488,9,138.485,661.345,24.179,2.01,2.592,19.16,1.774,2
6,a488,10,404.724,725.694,24.229,3.31,3.003,26.188,1.91,0
6,a488,10,435,704,33,3.031,4.565,5.447,2.644,0
6,a488,10,434,705,33,2.878,4.605,5.234,2.738,0
6,a488,10,430,716,36,2.714,5.071,2.912,2.842,0
6,a488,10,430,717,37.61,2.714,8.493,2.301,2.728,0
6,a488,10,418.86,700.041,35.642,2.582,5.606,6.075,2.678,0
6,a488,10,431,695,33.232,2.47,4.503,5.946,2.319,0
6,a488,10,431,694,32.887,2.357,4.011,5.066,2.213,0
6,a488,10,424,711,35,2.07,3.787,1.739,2.342,0
6,a488,10,414,709,33,2.054,5.052,3.05,2.149,0
6,a488,10,433,711,34,1.957,5.773,1.677,2.672,0
6,a488,10,424,709,34,1.754,1.62,3.513,2.271,0
6,a488,10,439,715,36.056,1.629,2.84,3.686,2.425,0
6,a488,10,436,719,36.752,1.609,3.222,2.028,2.437,0
6,a488,10,437,720,36.419,1.609,4.161,1.784,2.276,0
6,a488,10,427,711,38.226,1.6,8.258,0.987,2.707,0
6,a488,10,428,708,37.84,1.553,8.879,1.846,2.649,0
6,a488,10,412,712,31,1.536,7.439,1.227,1.772,0
6,a488,10,429,706,36,1.524,4.559,1.314,2.572,0
6,a488,10,442,716,33,1.444,1.672,5.663,2.013,0
6,a488,10,443,717,33,1.444,2.348,4.36,1.83,0
6,a488,10,431,720,37,1.43,2.391,0.506,2.167,0
6,a488,10,411,687,32,1.363,3.009,1.311,1.801,0
6,a488,10,442,715,34.861,1.348,2.232,3.386,2.016,0
6,a488,10,438,723,35,1.338,1.877,0.642,1.821,0
6,a488,10,438,724,36.609,1.338,1.817,0.783,1.743,0
6,a488,10,415,703,33,1.321,9.493,1.457,2.163,0
6,a488,10,413,703,33,1.293,9.796,0.318,1.985,0
6,a488,10,410,696,31,1.266,4.709,0.731,1.794,0
6,a488,10,436,717,39,1.252,4.045,4.537,2.408,0
6,a488,10,441,714,34,1.24,2.708,2.227,1.996,0
6,a488,10,411,697,32,1.22,4.597,0.543,1.907,0
6,a488,10,429,688,35,1.187,1.204,1.474,1.763,0
6,a488,10,436,707,39,1.111,3.024,3.574,2.318,0
6,a488,10,424,699,38,1.103,9.707,1.987,2.197,0
6,a488,10,436,706,38,1.078,3.093,2.236,2.297,0
6,a488,10,434,722,38.321,1.074,2.22,0.735,1.961,0
6,a488,10,441,721,36,1.07,1.906,2.485,1.906,0
6,a488,10,423,700,37,1.069,2.922,2.964,2.307,0
6,a488,10,423,689,33,1.033,2.4,2.108,1.895,0
6,a488,10,428,691,33,1.033,1.634,0.664,1.9,0
6,a594,1,132.383,427.122,25.752,4.76,2.652,17.152,7.331,2
6,a594,2,305.084,434.24,25.138,7.247,2.854,229.57,8.552,2
6,a594,2,225,461,25,3.941,2.582,36.36,5.353,1
6,a594,3,691.669,436.009,23.002,2.679,2.535,25.673,4.843,1
6,a594,4,431.775,438.022,22.299,12.825,2.792,292.745,16.167,2
6,a594,4,464.817,431.455,22.439,3.798,2.746,119.373,5.247,1
6,a594,5,752,532,25,3.302,2.932,7.903,5.783,1
6,a594,5,768.966,537.122,28.031,2.459,2.448,51.969,4.817,1
6,a594,5,812.729,503.843,23.848,1.52,2.78,31.119,2.904,2
6,a594,6,446.21,586.813,26.136,6.518,2.63,50.951,7.339,0
6,a594,6,501.287,602.928,24.5,4.169,2.351,81.081,5.177,0
6,a594,6,481.21,607.032,24.904,4.091,2.675,103.091,5.572,0
6,a594,6,495.493,623.624,22.903,3.894,2.476,40.279,4.632,0
6,a594,6,514.017,580.724,28.676,3.635,2.6,68.039,4.739,0
6,a594,6,435.686,595.393,22.895,3.577,2.725,13.55,4.36,0
6,a594,6,503.275,586.037,34.864,3.279,2.428,35.691,4.824,0
6,a594,6,439.51,601.624,22.124,3.207,2.752,45.067,3.916,0
6,a594,6,507.667,579.479,30.112,2.846,2.534,7.051,3.902,0
6,a594,6,512.069,592.214,28.892,2.444,2.222,43.74,4.143,0
6,a594,6,489.852,602.836,25.034,2.442,0.903,47.899,3.398,0
6,a594,7,669.987,595.7,23.829,3.653,2.433,75.398,5.647,2
6,a594,7,651.527,578.119,23.853,3.563,2.653,7.589,5.689,1
6,a594,7,656.994,601.247,25.77,2.843,2.524,61.915,4.787,2
6,a594,8,246.721,634.435,22.009,5.57,2.847,13.385,8.487,1
6,a594,8,225.427,645.37,24.432,4.522,2.764,87.845,6.228,2
6,a594,8,275.584,679.132,23.07,2.662,2.582,74.035,4.37,0
6,a594,9,140.686,659.26,24.196,5.339,2.77,29.15,8.151,2
6,a594,9,98.714,650.511,25.257,4.855,3.533,30.642,7.115,1
6,a594,9,95.336,663.292,24.744,3.232,2.603,92.939,5.496,1
6,a594,10,405.195,724.62,24.198,7.908,2.811,36.384,7.327,0
6,a594,10,401.794,742.51,26.759,3.039,2.846,26.359,3.064,0
6,tmr,1,127.5,422.404,25.224,3.448,2.996,16.775,3.126,2
6,tmr,1,151.46,364.803,27.31,1.52,2.922,18.024,2.226,1
6,tmr,2,298.064,434.79,24.657,4.254,3.053,5.086,3.703,2
6,tmr,2,226.542,449.37,23.559,3.623,2.994,9.714,3.19,1
6,tmr,2,229.402,451.562,23.537,3.404,3.001,49.931,3.509,1
6,tmr,2,302.215,437.06,24.147,3.11,2.524,50.94,3.09,2
6,tmr,3,687.453,437.584,23.677,3.334,2.739,23.883,3.25,1
6,tmr,3,754.832,429.157,25.476,2.443,2.298,56.73,3.215,2
6,tmr,3,766.853,418.451,26.782,1.86,2.472,21.577,2.502,2
6,tmr,4,465.386,431.365,23.957,2.447,3.214,29.601,2.663,1
6,tmr,4,430.149,439.273,24.202,1.626,2.424,16.028,2.32,2
6,tmr,5,746.143,539.693,26.576,3.072,2.919,32.406,3.308,1
6,tmr,5,803.121,517.408,26.47,1.778,2.846,9.848,2.286,2
6,tmr,5,810.801,516.346,28.034,1.714,2.426,17.601,2.431,2
6,tmr,6,448.034,593.405,24.032,3.563,2.578,23.672,3.397,0
6,tmr,6,508.893,600.722,28.499,3.161,2.465,51.476,3.087,0
6,tmr,6,515,587,28,1.848,2.432,15.305,1.908,0
6,tmr,7,647.261,608.328,26.312,3.93,2.77,14.361,3.919,2
6,tmr,7,650.857,607.397,26.141,2.481,2.565,33.139,3.253,2
6,tmr,8,254.234,634.702,22.212,2.78,3.066,21.495,2.63,1
6,tmr,8,234,647,23,1.377,2.427,21.338,1.938,2
6,tmr,9,96.847,668.415,25.647,2.555,2.702,50.53,3.012,1
6,tmr,9,138.974,661.059,24.391,1.866,2.792,48.127,2.422,2
6,tmr,10,434.432,704.793,34.859,2.069,4.539,5.238,2.806,0
6,tmr,10,415.106,707.796,31.86,2.067,3.232,8.457,2.538,0
6,tmr,10,418,699,36,1.838,5.178,10.229,2.679,0
6,tmr,10,422,712,26,1.719,2.505,10.8,1.987,0
7,Cy5,1,517.923,94.741,26.669,5.341,2.739,50.081,6.083,2
7,Cy5,1,487.049,96.886,25.856,2.539,2.599,41.784,3.385,1
7,Cy5,2,684.911,155.045,24.085,5.104,2.643,93.386,5.855,2
7,Cy5,2,622.365,157.333,24.892,2.093,2.708,26.902,2.517,1
7,Cy5,3,42.3,180.539,21.62,5.735,2.944,47.159,6.562,2
7,Cy5,3,85.703,250.913,21.608,2.514,2.598,28.494,3.776,1
7,Cy5,4,686.694,310.427,22.417,4.103,2.903,21.033,4.23,1
7,Cy5,4,686.65,303.66,23.11,3.983,2.839,9.167,4.417,1
7,Cy5,4,698.212,229.677,21.802,1.275,3.426,12.646,2.171,2
7,Cy5,5,454.093,351.988,28.628,2.677,2.567,22.246,2.534,1
7,Cy5,5,465.411,329.347,29.239,2.206,2.959,28.053,2.116,2
7,Cy5,6,586.901,378.722,21.455,3.516,3.212,19.971,3.51,1
7,Cy5,6,669.111,422.438,23.129,1.057,2.159,11.609,1.873,2
7,Cy5,7,395.267,524.25,20.955,2.358,2.273,15.971,2.921,2
7,Cy5,7,400.077,517.967,23.622,2.324,2.148,28.765,2.931,2
7,Cy5,7,399.88,506.059,22.551,2.015,1.912,22.772,2.609,1
7,Cy5,8,600.519,632.945,27.394,3.346,2.546,61.714,3.159,1
7,Cy5,8,630.154,650.078,26.181,2.42,2.632,21.536,3.065,2
7,Cy5,9,245.223,625.306,24.857,4.843,2.954,20.54,4.79,1
7,Cy5,9,283.511,649.341,20.637,4.428,2.656,55.892,4.18,2
7,Cy5,10,459.118,688.103,20.717,3.254,2.652,31.499,3.343,1
7,Cy5,10,532.688,662.451,22.289,2.43,2.886,24.422,2.29,2
7,Cy5,10,457.514,691.544,20.55,2.156,3.016,6.438,2.517,1
7,Cy5,11,176,730,25,4.585,2.948,33.664,4.793,2
7,Cy5,11,171.873,707.946,26.62,1.906,2.341,23.509,2.757,1
7,Cy5,12,406.617,766,22.592,5.76,2.942,51.211,4.821,2
7,Cy5,12,416.816,758.998,27.194,3.144,3.024,8.323,3.104,1
7,Cy5,12,423.374,760.642,27.723,2.846,2.498,52.995,2.93,1
7,Cy5,13,251.41,872.746,24.685,4.006,2.95,57.448,4.789,1
7,Cy5,13,294.691,896.04,25.432,1.609,2.578,4.788,2.453,2
7,Cy5,14,144.92,978.76,22,3.939,3.378,8.568,1.62,1
7,Cy5,14,117.071,873.334,19.923,2.939,2.997,21.983,4.326,2
7,a488,1,513.039,91.94,27.267,1.148,3.113,7.07,1.605,2
7,a488,1,500.196,95.808,26.666,1.037,2.608,14.049,1.618,1
7,a488,2,682.626,149.397,24.312,3.234,2.737,18.714,2.277,2
7,a488,2,609.404,153.4,25.38,0.751,3.34,6.114,1.213,1
7,a488,3,74.523,250.155,20.286,1.003,4.592,7.925,1.455,1
7,a488,3,40,176,23,0.596,2.927,5.091,1.203,2
7,a488,4,696.812,231.082,21.166,1.095,2.684,13.181,1.444,2
7,a488,4,688.258,303.633,22.989,0.893,2.222,9.736,1.374,1
7,a488,5,461.332,326.787,28.952,2.617,2.092,14.091,1.915,2
7,a488,5,467.548,350.429,28.322,1.156,1.975,13.826,1.262,1
7,a488,6,668.643,425.59,22.012,1.675,3.044,14.153,1.662,2
7,a488,6,590,379,20,0.905,2.638,12.253,1.386,1
7,a488,7,411.924,520.552,21.85,2.384,2.531,17.226,1.753,2
7,a488,7,393.955,502.747,20.065,1.297,2.834,29.423,1.36,1
7,a488,8,634.765,654.588,23.594,1.64,3.178,13.86,1.552,2
7,a488,8,605,626,29,0.56,2.014,4.244,1.149,1
7,a488,8,624,610,29,0.899,2.733,14.728,1.364,1
7,a488,9,286.481,655.441,20.747,1.908,3.082,28.627,1.587,2
7,a488,9,240.048,621.877,23.562,1.536,3.213,4.876,1.349,1
7,a488,10,543.469,665.198,21.415,2.284,3.716,12.658,1.467,2
7,a488,10,456.835,683.683,20.945,1.004,2.319,11.375,1.338,1
7,a488,11,173.048,731.028,25.878,1.293,3.153,9.32,1.42,2
7,a488,11,163.548,710.495,28.184,1.087,2.792,11.733,1.474,1
7,a488,12,400,763,21,0.811,2.589,11.696,1.217,2
7,a488,13,245.758,871.063,26.466,0.843,2.675,14.354,1.282,1
7,a488,13,295.832,881.044,25.541,0.946,2.094,9.325,1.398,2
7,a488,14,115.623,886.62,22.134,2.676,2.881,23.034,2.516,2
7,a488,14,141.863,989.07,21.788,1.305,2.857,13.12,1.612,1
7,a488,14,133.975,894.609,22.304,1.103,2.61,15.761,1.52,2
7,a488,14,136.307,979.842,22.526,1.069,2.556,17.329,1.504,1
7,a594,1,512.355,92.203,27.75,4.421,2.781,56.596,6.871,2
7,a594,1,500.205,97.189,26.929,1.461,2.577,76.195,3.164,1
7,a594,2,682.192,150.231,24.258,7.494,2.608,132.576,10.291,2
7,a594,2,608.271,154.171,25.997,1.452,2.609,36.369,2.977,1
7,a594,3,77.138,250.723,20.133,3.922,3.274,57.161,6.273,1
7,a594,3,42.876,176.975,22.838,1.978,2.385,75.32,4.228,2
7,a594,4,696,232,22,3.313,2.647,7.333,5.381,2
7,a594,4,687.658,304.252,22.735,2.374,2.553,28.209,4.287,1
7,a594,5,461.623,327.552,29.287,6.224,2.631,36.442,6.282,2
7,a594,5,467.852,351.28,28.327,3.815,2.542,102.487,4.072,1
7,a594,6,590.505,379.871,20.534,3.969,2.987,94.124,5.983,1
7,a594,6,668.367,426.105,22.022,3.242,3.008,33.353,5.093,2
7,a594,7,412.978,520.463,22.231,6.103,2.667,93.061,7.356,2
7,a594,7,394.521,502.757,20.936,4.03,2.639,45.718,4.938,1
7,a594,8,635.538,654.39,23.806,5.596,3,12.778,6.624,2
7,a594,8,623.877,610.114,28.7,3.175,2.513,94.864,5.287,1
7,a594,8,604.892,625.366,28.871,1.849,2.684,59.084,3.208,1
7,a594,9,287.836,654.263,21.241,5.137,2.857,81.803,6.42,2
7,a594,9,241.372,620.308,23.834,4.759,3.031,37.379,6.448,1
7,a594,10,457.482,682.586,20.567,4.105,2.736,136.676,5.175,1
7,a594,10,543.676,665.092,21.858,4.097,4.118,37.093,4.535,2
7,a594,11,165.695,707.863,27.963,6.076,2.868,77.045,8.014,1
7,a594,11,175.557,728.695,25.961,4.408,3.188,63.549,6.142,2
7,a594,12,420.881,754.474,27.381,1.574,2.643,41.087,2.609,1
7,a594,12,400.54,761.696,21.445,1.558,2.878,37.747,2.466,2
7,a594,13,296.893,878.688,25.534,2.696,2.61,67.287,4.455,2
7,a594,13,247.823,867.122,26.269,1.393,2.723,6.433,2.757,1
7,a594,14,117.974,882.198,22.293,6.761,3.083,47.511,11.119,2
7,a594,14,144.188,983.749,22.147,4.889,2.705,122.737,8.141,1
7,a594,14,138.52,974.842,22.834,3.247,2.609,56.943,5.932,1
7,a594,14,136.247,890.378,22.467,2.516,2.572,58.486,4.999,2
7,tmr,1,519.39,92.235,25.584,1.428,3.047,19.862,1.93,2
7,tmr,1,490.128,82.825,25.223,1.528,3.034,27.736,1.967,1
7,tmr,2,669.424,142.569,25.518,2.822,3.359,9.542,1.464,2
7,tmr,2,613.691,146.063,25.562,1.822,2.692,11.358,2.277,1
7,tmr,3,84.699,243.348,21.028,1.218,3.163,9.936,2.028,1
7,tmr,3,38.725,185.262,22.3,0.987,2.965,14.431,1.637,2
7,tmr,4,698.822,305.982,21.298,2.394,2.663,20.871,2.874,1
7,tmr,4,698.829,231.276,22.046,1.858,2.715,30.375,2.429,2
7,tmr,5,463.316,353.024,27.031,2.952,2.764,22.048,2.517,1
7,tmr,5,465.665,325.426,28.36,2.593,3.18,15.743,2.35,2
7,tmr,6,596.433,373.296,21.323,4.743,2.649,40.925,3.969,1
7,tmr,6,656.018,419.847,23.198,1.794,3.051,17.754,2.498,2
7,tmr,7,398.53,523.619,22.668,2.244,2.41,46.191,2.313,2
7,tmr,7,392.681,502.578,21.684,1.557,2.63,11.301,1.755,1
7,tmr,8,601.915,622.4,27,2.616,2.879,8.794,1.435,1
7,tmr,8,623.903,645.918,24.881,1.616,2.631,27.741,2.158,2
7,tmr,9,233.691,630.979,22.583,2.283,3.183,20.376,2.255,1
7,tmr,9,277.924,660.849,22.885,1.916,2.951,10.036,2.185,2
7,tmr,10,537.751,660.674,22.281,2.183,3.253,27.049,1.9,2
7,tmr,11,166.653,727.863,24.497,2.014,3.545,19.695,2.255,2
7,tmr,11,162.32,711.51,25.428,3.753,2.672,32.233,3.235,1
7,tmr,12,418.446,754.081,27.147,1.569,2.986,17.681,1.958,1
7,tmr,12,413.049,758.208,23.36,1.478,2.976,14.91,1.819,2
7,tmr,13,252.246,869.2,25.704,1.144,2.715,13.331,1.796,1
7,tmr,13,312.073,906.674,25.074,1.577,2.963,19.258,2.019,2
7,tmr,14,142.72,970.344,21.952,1.162,2.587,39.703,2.031,1
7,tmr,14,114.32,875.668,20.599,1.552,3.089,9.341,2.172,2
7,tmr,14,116.77,890.282,22.768,1.074,2.383,27.443,2.066,2
